代码,名称,当前价,回踩幅度,信号强度,操作建议,止损位
002629,仁智股份,6.26,-0.05%,30分,试错观察,6.18
002905,金逸影视,12.32,1.06%,30分,试错观察,12.19
603779,威龙股份,6.84,0.27%,0分,试错观察,6.83
002962,五方光电,15.5,0.11%,0分,试错观察,15.4
000886,海南高速,6.63,0.03%,0分,试错观察,6.54
603326,我乐家居,10.11,0.82%,0分,试错观察,10.02
605299,舒华体育,12.1,0.71%,0分,试错观察,12.02
600854,春兰股份,5.33,0.2%,0分,试错观察,5.3
600615,鑫源智造,12.83,1.12%,0分,试错观察,12.63
002875,安奈儿,17.32,0.04%,0分,试错观察,17.29
600241,时代万恒,8.6,0.5%,0分,试错观察,8.58
